Date,Meal,Menu,Calories,Price
2024-01-01,Breakfast,"현미밥+미역국+김치",400,3000
2024-01-01,Lunch,"불고기+된장국+콩나물무침",600,7000
2024-01-01,Dinner,"계란말이+시금치나물+쌀밥",500,5000
2024-01-02,Breakfast,"현미밥+미역국+김치",400,3000
2024-01-02,Lunch,"불고기+된장국+콩나물무침",600,7000
2024-01-02,Dinner,"계란말이+시금치나물+쌀밥",500,5000
2024-01-03,Breakfast,"현미밥+미역국+김치",400,3000
2024-01-03,Lunch,"불고기+된장국+콩나물무침",600,7000
2024-01-03,Dinner,"계란말이+시금치나물+쌀밥",500,5000
2024-01-04,Breakfast,"현미밥+미역국+김치",400,3000
2024-01-04,Lunch,"불고기+된장국+콩나물무침",600,7000
2024-01-04,Dinner,"계란말이+시금치나물+쌀밥",500,5000
2024-01-05,Breakfast,"현미밥+미역국+김치",400,3000
2024-01-05,Lunch,"불고기+된장국+콩나물무침",600,7000
2024-01-05,Dinner,"계란말이+시금치나물+쌀밥",500,5000
2024-01-06,Breakfast,"현미밥+미역국+김치",400,3000
2024-01-06,Lunch,"불고기+된장국+콩나물무침",600,7000
2024-01-06,Dinner,"계란말이+시금치나물+쌀밥",500,5000
2024-01-07,Breakfast,"현미밥+미역국+김치",400,3000
2024-01-07,Lunch,"불고기+된장국+콩나물무침",600,7000
2024-01-07,Dinner,"계란말이+시금치나물+쌀밥",500,5000
2024-01-08,Breakfast,"현미밥+미역국+김치",400,3000
2024-01-08,Lunch,"불고기+된장국+콩나물무침",600,7000
2024-01-08,Dinner,"계란말이+시금치나물+쌀밥",500,5000
2024-01-09,Breakfast,"현미밥+미역국+김치",400,3000
2024-01-09,Lunch,"불고기+된장국+콩나물무침",600,7000
2024-01-09,Dinner,"계란말이+시금치나물+쌀밥",500,5000
2024-01-10,Breakfast,"현미밥+미역국+김치",400,3000
2024-01-10,Lunch,"불고기+된장국+콩나물무침",600,7000
2024-01-10,Dinner,"계란말이+시금치나물+쌀밥",500,5000
2024-01-11,Breakfast,"현미밥+미역국+김치",400,3000
2024-01-11,Lunch,"불고기+된장국+콩나물무침",600,7000
2024-01-11,Dinner,"계란말이+시금치나물+쌀밥",500,5000
2024-01-12,Breakfast,"현미밥+미역국+김치",400,3000
2024-01-12,Lunch,"불고기+된장국+콩나물무침",600,7000
2024-01-12,Dinner,"계란말이+시금치나물+쌀밥",500,5000
2024-01-13,Breakfast,"현미밥+미역국+김치",400,3000
2024-01-13,Lunch,"불고기+된장국+콩나물무침",600,7000
2024-01-13,Dinner,"계란말이+시금치나물+쌀밥",500,5000
2024-01-14,Breakfast,"현미밥+미역국+김치",400,3000
2024-01-14,Lunch,"불고기+된장국+콩나물무침",600,7000
2024-01-14,Dinner,"계란말이+시금치나물+쌀밥",500,5000
2024-01-15,Breakfast,"현미밥+미역국+김치",400,3000
2024-01-15,Lunch,"불고기+된장국+콩나물무침",600,7000
2024-01-15,Dinner,"계란말이+시금치나물+쌀밥",500,5000
2024-01-16,Breakfast,"현미밥+미역국+김치",400,3000
2024-01-16,Lunch,"불고기+된장국+콩나물무침",600,7000
2024-01-16,Dinner,"계란말이+시금치나물+쌀밥",500,5000
2024-01-17,Breakfast,"현미밥+미역국+김치",400,3000
2024-01-17,Lunch,"불고기+된장국+콩나물무침",600,7000
2024-01-17,Dinner,"계란말이+시금치나물+쌀밥",500,5000
2024-01-18,Breakfast,"현미밥+미역국+김치",400,3000
2024-01-18,Lunch,"불고기+된장국+콩나물무침",600,7000
2024-01-18,Dinner,"계란말이+시금치나물+쌀밥",500,5000
2024-01-19,Breakfast,"현미밥+미역국+김치",400,3000
2024-01-19,Lunch,"불고기+된장국+콩나물무침",600,7000
2024-01-19,Dinner,"계란말이+시금치나물+쌀밥",500,5000
2024-01-20,Breakfast,"현미밥+미역국+김치",400,3000
2024-01-20,Lunch,"불고기+된장국+콩나물무침",600,7000
2024-01-20,Dinner,"계란말이+시금치나물+쌀밥",500,5000
2024-01-21,Breakfast,"현미밥+미역국+김치",400,3000
2024-01-21,Lunch,"불고기+된장국+콩나물무침",600,7000
2024-01-21,Dinner,"계란말이+시금치나물+쌀밥",500,5000
2024-01-22,Breakfast,"현미밥+미역국+김치",400,3000
2024-01-22,Lunch,"불고기+된장국+콩나물무침",600,7000
2024-01-22,Dinner,"계란말이+시금치나물+쌀밥",500,5000
2024-01-23,Breakfast,"현미밥+미역국+김치",400,3000
2024-01-23,Lunch,"불고기+된장국+콩나물무침",600,7000
2024-01-23,Dinner,"계란말이+시금치나물+쌀밥",500,5000
2024-01-24,Breakfast,"현미밥+미역국+김치",400,3000
2024-01-24,Lunch,"불고기+된장국+콩나물무침",600,7000
2024-01-24,Dinner,"계란말이+시금치나물+쌀밥",500,5000
2024-01-25,Breakfast,"현미밥+미역국+김치",400,3000
2024-01-25,Lunch,"불고기+된장국+콩나물무침",600,7000
2024-01-25,Dinner,"계란말이+시금치나물+쌀밥",500,5000
2024-01-26,Breakfast,"현미밥+미역국+김치",400,3000
2024-01-26,Lunch,"불고기+된장국+콩나물무침",600,7000
2024-01-26,Dinner,"계란말이+시금치나물+쌀밥",500,5000
2024-01-27,Breakfast,"현미밥+미역국+김치",400,3000
2024-01-27,Lunch,"불고기+된장국+콩나물무침",600,7000
2024-01-27,Dinner,"계란말이+시금치나물+쌀밥",500,5000
2024-01-28,Breakfast,"현미밥+미역국+김치",400,3000
2024-01-28,Lunch,"불고기+된장국+콩나물무침",600,7000
2024-01-28,Dinner,"계란말이+시금치나물+쌀밥",500,5000
2024-01-29,Breakfast,"현미밥+미역국+김치",400,3000
2024-01-29,Lunch,"불고기+된장국+콩나물무침",600,7000
2024-01-29,Dinner,"계란말이+시금치나물+쌀밥",500,5000
2024-01-30,Breakfast,"현미밥+미역국+김치",400,3000
2024-01-30,Lunch,"불고기+된장국+콩나물무침",600,7000
2024-01-30,Dinner,"계란말이+시금치나물+쌀밥",500,5000
2024-01-31,Breakfast,"현미밥+미역국+김치",400,3000
2024-01-31,Lunch,"불고기+된장국+콩나물무침",600,7000
2024-01-31,Dinner,"계란말이+시금치나물+쌀밥",500,5000
2024-02-01,Breakfast,"현미밥+미역국+김치",400,3000
2024-02-01,Lunch,"불고기+된장국+콩나물무침",600,7000
2024-02-01,Dinner,"계란말이+시금치나물+쌀밥",500,5000
2024-02-02,Breakfast,"현미밥+미역국+김치",400,3000
2024-02-02,Lunch,"불고기+된장국+콩나물무침",600,7000
2024-02-02,Dinner,"계란말이+시금치나물+쌀밥",500,5000
2024-02-03,Breakfast,"현미밥+미역국+김치",400,3000
2024-02-03,Lunch,"불고기+된장국+콩나물무침",600,7000
2024-02-03,Dinner,"계란말이+시금치나물+쌀밥",500,5000
2024-02-04,Breakfast,"현미밥+미역국+김치",400,3000
2024-02-04,Lunch,"불고기+된장국+콩나물무침",600,7000
2024-02-04,Dinner,"계란말이+시금치나물+쌀밥",500,5000
2024-02-05,Breakfast,"현미밥+미역국+김치",400,3000
2024-02-05,Lunch,"불고기+된장국+콩나물무침",600,7000
2024-02-05,Dinner,"계란말이+시금치나물+쌀밥",500,5000
2024-02-06,Breakfast,"현미밥+미역국+김치",400,3000
2024-02-06,Lunch,"불고기+된장국+콩나물무침",600,7000
2024-02-06,Dinner,"계란말이+시금치나물+쌀밥",500,5000
2024-02-07,Breakfast,"현미밥+미역국+김치",400,3000
2024-02-07,Lunch,"불고기+된장국+콩나물무침",600,7000
2024-02-07,Dinner,"계란말이+시금치나물+쌀밥",500,5000
2024-02-08,Breakfast,"현미밥+미역국+김치",400,3000
2024-02-08,Lunch,"불고기+된장국+콩나물무침",600,7000
2024-02-08,Dinner,"계란말이+시금치나물+쌀밥",500,5000
2024-02-09,Breakfast,"현미밥+미역국+김치",400,3000
2024-02-09,Lunch,"불고기+된장국+콩나물무침",600,7000
2024-02-09,Dinner,"계란말이+시금치나물+쌀밥",500,5000
2024-02-10,Breakfast,"현미밥+미역국+김치",400,3000
2024-02-10,Lunch,"불고기+된장국+콩나물무침",600,7000
2024-02-10,Dinner,"계란말이+시금치나물+쌀밥",500,5000
2024-02-11,Breakfast,"현미밥+미역국+김치",400,3000
2024-02-11,Lunch,"불고기+된장국+콩나물무침",600,7000
2024-02-11,Dinner,"계란말이+시금치나물+쌀밥",500,5000
2024-02-12,Breakfast,"현미밥+미역국+김치",400,3000
2024-02-12,Lunch,"불고기+된장국+콩나물무침",600,7000
2024-02-12,Dinner,"계란말이+시금치나물+쌀밥",500,5000
2024-02-13,Breakfast,"현미밥+미역국+김치",400,3000
2024-02-13,Lunch,"불고기+된장국+콩나물무침",600,7000
2024-02-13,Dinner,"계란말이+시금치나물+쌀밥",500,5000
2024-02-14,Breakfast,"현미밥+미역국+김치",400,3000
2024-02-14,Lunch,"불고기+된장국+콩나물무침",600,7000
2024-02-14,Dinner,"계란말이+시금치나물+쌀밥",500,5000
2024-02-15,Breakfast,"현미밥+미역국+김치",400,3000
2024-02-15,Lunch,"불고기+된장국+콩나물무침",600,7000
2024-02-15,Dinner,"계란말이+시금치나물+쌀밥",500,5000
2024-02-16,Breakfast,"현미밥+미역국+김치",400,3000
2024-02-16,Lunch,"불고기+된장국+콩나물무침",600,7000
2024-02-16,Dinner,"계란말이+시금치나물+쌀밥",500,5000
2024-02-17,Breakfast,"현미밥+미역국+김치",400,3000
2024-02-17,Lunch,"불고기+된장국+콩나물무침",600,7000
2024-02-17,Dinner,"계란말이+시금치나물+쌀밥",500,5000
2024-02-18,Breakfast,"현미밥+미역국+김치",400,3000
2024-02-18,Lunch,"불고기+된장국+콩나물무침",600,7000
2024-02-18,Dinner,"계란말이+시금치나물+쌀밥",500,5000
2024-02-19,Breakfast,"현미밥+미역국+김치",400,3000
2024-02-19,Lunch,"불고기+된장국+콩나물무침",600,7000
2024-02-19,Dinner,"계란말이+시금치나물+쌀밥",500,5000
2024-02-20,Breakfast,"현미밥+미역국+김치",400,3000
2024-02-20,Lunch,"불고기+된장국+콩나물무침",600,7000
2024-02-20,Dinner,"계란말이+시금치나물+쌀밥",500,5000
2024-02-21,Breakfast,"현미밥+미역국+김치",400,3000
2024-02-21,Lunch,"불고기+된장국+콩나물무침",600,7000
2024-02-21,Dinner,"계란말이+시금치나물+쌀밥",500,5000
2024-02-22,Breakfast,"현미밥+미역국+김치",400,3000
2024-02-22,Lunch,"불고기+된장국+콩나물무침",600,7000
2024-02-22,Dinner,"계란말이+시금치나물+쌀밥",500,5000
2024-02-23,Breakfast,"현미밥+미역국+김치",400,3000
2024-02-23,Lunch,"불고기+된장국+콩나물무침",600,7000
2024-02-23,Dinner,"계란말이+시금치나물+쌀밥",500,5000
2024-02-24,Breakfast,"현미밥+미역국+김치",400,3000
2024-02-24,Lunch,"불고기+된장국+콩나물무침",600,7000
2024-02-24,Dinner,"계란말이+시금치나물+쌀밥",500,5000
2024-02-25,Breakfast,"현미밥+미역국+김치",400,3000
2024-02-25,Lunch,"불고기+된장국+콩나물무침",600,7000
2024-02-25,Dinner,"계란말이+시금치나물+쌀밥",500,5000
2024-02-26,Breakfast,"현미밥+미역국+김치",400,3000
2024-02-26,Lunch,"불고기+된장국+콩나물무침",600,7000
2024-02-26,Dinner,"계란말이+시금치나물+쌀밥",500,5000
2024-02-27,Breakfast,"현미밥+미역국+김치",400,3000
2024-02-27,Lunch,"불고기+된장국+콩나물무침",600,7000
2024-02-27,Dinner,"계란말이+시금치나물+쌀밥",500,5000
2024-02-28,Breakfast,"현미밥+미역국+김치",400,3000
2024-02-28,Lunch,"불고기+된장국+콩나물무침",600,7000
2024-02-28,Dinner,"계란말이+시금치나물+쌀밥",500,5000
2024-02-29,Breakfast,"현미밥+미역국+김치",400,3000
2024-02-29,Lunch,"불고기+된장국+콩나물무침",600,7000
2024-02-29,Dinner,"계란말이+시금치나물+쌀밥",500,5000
2024-03-01,Breakfast,"현미밥+미역국+김치",400,3000
2024-03-01,Lunch,"불고기+된장국+콩나물무침",600,7000
2024-03-01,Dinner,"계란말이+시금치나물+쌀밥",500,5000
2024-03-02,Breakfast,"현미밥+미역국+김치",400,3000
2024-03-02,Lunch,"불고기+된장국+콩나물무침",600,7000
2024-03-02,Dinner,"계란말이+시금치나물+쌀밥",500,5000
2024-03-03,Breakfast,"현미밥+미역국+김치",400,3000
2024-03-03,Lunch,"불고기+된장국+콩나물무침",600,7000
2024-03-03,Dinner,"계란말이+시금치나물+쌀밥",500,5000
2024-03-04,Breakfast,"현미밥+미역국+김치",400,3000
2024-03-04,Lunch,"불고기+된장국+콩나물무침",600,7000
2024-03-04,Dinner,"계란말이+시금치나물+쌀밥",500,5000
2024-03-05,Breakfast,"현미밥+미역국+김치",400,3000
2024-03-05,Lunch,"불고기+된장국+콩나물무침",600,7000
2024-03-05,Dinner,"계란말이+시금치나물+쌀밥",500,5000
2024-03-06,Breakfast,"현미밥+미역국+김치",400,3000
2024-03-06,Lunch,"불고기+된장국+콩나물무침",600,7000
2024-03-06,Dinner,"계란말이+시금치나물+쌀밥",500,5000
2024-03-07,Breakfast,"현미밥+미역국+김치",400,3000
2024-03-07,Lunch,"불고기+된장국+콩나물무침",600,7000
2024-03-07,Dinner,"계란말이+시금치나물+쌀밥",500,5000
2024-03-08,Breakfast,"현미밥+미역국+김치",400,3000
2024-03-08,Lunch,"불고기+된장국+콩나물무침",600,7000
2024-03-08,Dinner,"계란말이+시금치나물+쌀밥",500,5000
2024-03-09,Breakfast,"현미밥+미역국+김치",400,3000
2024-03-09,Lunch,"불고기+된장국+콩나물무침",600,7000
2024-03-09,Dinner,"계란말이+시금치나물+쌀밥",500,5000
2024-03-10,Breakfast,"현미밥+미역국+김치",400,3000
2024-03-10,Lunch,"불고기+된장국+콩나물무침",600,7000
2024-03-10,Dinner,"계란말이+시금치나물+쌀밥",500,5000
2024-03-11,Breakfast,"현미밥+미역국+김치",400,3000
2024-03-11,Lunch,"불고기+된장국+콩나물무침",600,7000
2024-03-11,Dinner,"계란말이+시금치나물+쌀밥",500,5000
2024-03-12,Breakfast,"현미밥+미역국+김치",400,3000
2024-03-12,Lunch,"불고기+된장국+콩나물무침",600,7000
2024-03-12,Dinner,"계란말이+시금치나물+쌀밥",500,5000
2024-03-13,Breakfast,"현미밥+미역국+김치",400,3000
2024-03-13,Lunch,"불고기+된장국+콩나물무침",600,7000
2024-03-13,Dinner,"계란말이+시금치나물+쌀밥",500,5000
2024-03-14,Breakfast,"현미밥+미역국+김치",400,3000
2024-03-14,Lunch,"불고기+된장국+콩나물무침",600,7000
2024-03-14,Dinner,"계란말이+시금치나물+쌀밥",500,5000
2024-03-15,Breakfast,"현미밥+미역국+김치",400,3000
2024-03-15,Lunch,"불고기+된장국+콩나물무침",600,7000
2024-03-15,Dinner,"계란말이+시금치나물+쌀밥",500,5000
2024-03-16,Breakfast,"현미밥+미역국+김치",400,3000
2024-03-16,Lunch,"불고기+된장국+콩나물무침",600,7000
2024-03-16,Dinner,"계란말이+시금치나물+쌀밥",500,5000
2024-03-17,Breakfast,"현미밥+미역국+김치",400,3000
2024-03-17,Lunch,"불고기+된장국+콩나물무침",600,7000
2024-03-17,Dinner,"계란말이+시금치나물+쌀밥",500,5000
2024-03-18,Breakfast,"현미밥+미역국+김치",400,3000
2024-03-18,Lunch,"불고기+된장국+콩나물무침",600,7000
2024-03-18,Dinner,"계란말이+시금치나물+쌀밥",500,5000
2024-03-19,Breakfast,"현미밥+미역국+김치",400,3000
2024-03-19,Lunch,"불고기+된장국+콩나물무침",600,7000
2024-03-19,Dinner,"계란말이+시금치나물+쌀밥",500,5000
2024-03-20,Breakfast,"현미밥+미역국+김치",400,3000
2024-03-20,Lunch,"불고기+된장국+콩나물무침",600,7000
2024-03-20,Dinner,"계란말이+시금치나물+쌀밥",500,5000
2024-03-21,Breakfast,"현미밥+미역국+김치",400,3000
2024-03-21,Lunch,"불고기+된장국+콩나물무침",600,7000
2024-03-21,Dinner,"계란말이+시금치나물+쌀밥",500,5000
2024-03-22,Breakfast,"현미밥+미역국+김치",400,3000
2024-03-22,Lunch,"불고기+된장국+콩나물무침",600,7000
2024-03-22,Dinner,"계란말이+시금치나물+쌀밥",500,5000
2024-03-23,Breakfast,"현미밥+미역국+김치",400,3000
2024-03-23,Lunch,"불고기+된장국+콩나물무침",600,7000
2024-03-23,Dinner,"계란말이+시금치나물+쌀밥",500,5000
2024-03-24,Breakfast,"현미밥+미역국+김치",400,3000
2024-03-24,Lunch,"불고기+된장국+콩나물무침",600,7000
2024-03-24,Dinner,"계란말이+시금치나물+쌀밥",500,5000
2024-03-25,Breakfast,"현미밥+미역국+김치",400,3000
2024-03-25,Lunch,"불고기+된장국+콩나물무침",600,7000
2024-03-25,Dinner,"계란말이+시금치나물+쌀밥",500,5000
2024-03-26,Breakfast,"현미밥+미역국+김치",400,3000
2024-03-26,Lunch,"불고기+된장국+콩나물무침",600,7000
2024-03-26,Dinner,"계란말이+시금치나물+쌀밥",500,5000
2024-03-27,Breakfast,"현미밥+미역국+김치",400,3000
2024-03-27,Lunch,"불고기+된장국+콩나물무침",600,7000
2024-03-27,Dinner,"계란말이+시금치나물+쌀밥",500,5000
2024-03-28,Breakfast,"현미밥+미역국+김치",400,3000
2024-03-28,Lunch,"불고기+된장국+콩나물무침",600,7000
2024-03-28,Dinner,"계란말이+시금치나물+쌀밥",500,5000
2024-03-29,Breakfast,"현미밥+미역국+김치",400,3000
2024-03-29,Lunch,"불고기+된장국+콩나물무침",600,7000
2024-03-29,Dinner,"계란말이+시금치나물+쌀밥",500,5000
2024-03-30,Breakfast,"현미밥+미역국+김치",400,3000
2024-03-30,Lunch,"불고기+된장국+콩나물무침",600,7000
2024-03-30,Dinner,"계란말이+시금치나물+쌀밥",500,5000
2024-03-31,Breakfast,"현미밥+미역국+김치",400,3000
2024-03-31,Lunch,"불고기+된장국+콩나물무침",600,7000
2024-03-31,Dinner,"계란말이+시금치나물+쌀밥",500,5000
2024-04-01,Breakfast,"현미밥+미역국+김치",400,3000
2024-04-01,Lunch,"불고기+된장국+콩나물무침",600,7000
2024-04-01,Dinner,"계란말이+시금치나물+쌀밥",500,5000
2024-04-02,Breakfast,"현미밥+미역국+김치",400,3000
2024-04-02,Lunch,"불고기+된장국+콩나물무침",600,7000
2024-04-02,Dinner,"계란말이+시금치나물+쌀밥",500,5000
2024-04-03,Breakfast,"현미밥+미역국+김치",400,3000
2024-04-03,Lunch,"불고기+된장국+콩나물무침",600,7000
2024-04-03,Dinner,"계란말이+시금치나물+쌀밥",500,5000
2024-04-04,Breakfast,"현미밥+미역국+김치",400,3000
2024-04-04,Lunch,"불고기+된장국+콩나물무침",600,7000
2024-04-04,Dinner,"계란말이+시금치나물+쌀밥",500,5000
2024-04-05,Breakfast,"현미밥+미역국+김치",400,3000
2024-04-05,Lunch,"불고기+된장국+콩나물무침",600,7000
2024-04-05,Dinner,"계란말이+시금치나물+쌀밥",500,5000
2024-04-06,Breakfast,"현미밥+미역국+김치",400,3000
2024-04-06,Lunch,"불고기+된장국+콩나물무침",600,7000
2024-04-06,Dinner,"계란말이+시금치나물+쌀밥",500,5000
2024-04-07,Breakfast,"현미밥+미역국+김치",400,3000
2024-04-07,Lunch,"불고기+된장국+콩나물무침",600,7000
2024-04-07,Dinner,"계란말이+시금치나물+쌀밥",500,5000
2024-04-08,Breakfast,"현미밥+미역국+김치",400,3000
2024-04-08,Lunch,"불고기+된장국+콩나물무침",600,7000
2024-04-08,Dinner,"계란말이+시금치나물+쌀밥",500,5000
2024-04-09,Breakfast,"현미밥+미역국+김치",400,3000
2024-04-09,Lunch,"불고기+된장국+콩나물무침",600,7000
2024-04-09,Dinner,"계란말이+시금치나물+쌀밥",500,5000
2024-04-10,Breakfast,"현미밥+미역국+김치",400,3000
2024-04-10,Lunch,"불고기+된장국+콩나물무침",600,7000
2024-04-10,Dinner,"계란말이+시금치나물+쌀밥",500,5000
2024-04-11,Breakfast,"현미밥+미역국+김치",400,3000
2024-04-11,Lunch,"불고기+된장국+콩나물무침",600,7000
2024-04-11,Dinner,"계란말이+시금치나물+쌀밥",500,5000
2024-04-12,Breakfast,"현미밥+미역국+김치",400,3000
2024-04-12,Lunch,"불고기+된장국+콩나물무침",600,7000
2024-04-12,Dinner,"계란말이+시금치나물+쌀밥",500,5000
2024-04-13,Breakfast,"현미밥+미역국+김치",400,3000
2024-04-13,Lunch,"불고기+된장국+콩나물무침",600,7000
2024-04-13,Dinner,"계란말이+시금치나물+쌀밥",500,5000
2024-04-14,Breakfast,"현미밥+미역국+김치",400,3000
2024-04-14,Lunch,"불고기+된장국+콩나물무침",600,7000
2024-04-14,Dinner,"계란말이+시금치나물+쌀밥",500,5000
2024-04-15,Breakfast,"현미밥+미역국+김치",400,3000
2024-04-15,Lunch,"불고기+된장국+콩나물무침",600,7000
2024-04-15,Dinner,"계란말이+시금치나물+쌀밥",500,5000
2024-04-16,Breakfast,"현미밥+미역국+김치",400,3000
2024-04-16,Lunch,"불고기+된장국+콩나물무침",600,7000
2024-04-16,Dinner,"계란말이+시금치나물+쌀밥",500,5000
2024-04-17,Breakfast,"현미밥+미역국+김치",400,3000
2024-04-17,Lunch,"불고기+된장국+콩나물무침",600,7000
2024-04-17,Dinner,"계란말이+시금치나물+쌀밥",500,5000
2024-04-18,Breakfast,"현미밥+미역국+김치",400,3000
2024-04-18,Lunch,"불고기+된장국+콩나물무침",600,7000
2024-04-18,Dinner,"계란말이+시금치나물+쌀밥",500,5000
2024-04-19,Breakfast,"현미밥+미역국+김치",400,3000
2024-04-19,Lunch,"불고기+된장국+콩나물무침",600,7000
2024-04-19,Dinner,"계란말이+시금치나물+쌀밥",500,5000
2024-04-20,Breakfast,"현미밥+미역국+김치",400,3000
2024-04-20,Lunch,"불고기+된장국+콩나물무침",600,7000
2024-04-20,Dinner,"계란말이+시금치나물+쌀밥",500,5000
2024-04-21,Breakfast,"현미밥+미역국+김치",400,3000
2024-04-21,Lunch,"불고기+된장국+콩나물무침",600,7000
2024-04-21,Dinner,"계란말이+시금치나물+쌀밥",500,5000
2024-04-22,Breakfast,"현미밥+미역국+김치",400,3000
2024-04-22,Lunch,"불고기+된장국+콩나물무침",600,7000
2024-04-22,Dinner,"계란말이+시금치나물+쌀밥",500,5000
2024-04-23,Breakfast,"현미밥+미역국+김치",400,3000
2024-04-23,Lunch,"불고기+된장국+콩나물무침",600,7000
2024-04-23,Dinner,"계란말이+시금치나물+쌀밥",500,5000
2024-04-24,Breakfast,"현미밥+미역국+김치",400,3000
2024-04-24,Lunch,"불고기+된장국+콩나물무침",600,7000
2024-04-24,Dinner,"계란말이+시금치나물+쌀밥",500,5000
2024-04-25,Breakfast,"현미밥+미역국+김치",400,3000
2024-04-25,Lunch,"불고기+된장국+콩나물무침",600,7000
2024-04-25,Dinner,"계란말이+시금치나물+쌀밥",500,5000
2024-04-26,Breakfast,"현미밥+미역국+김치",400,3000
2024-04-26,Lunch,"불고기+된장국+콩나물무침",600,7000
2024-04-26,Dinner,"계란말이+시금치나물+쌀밥",500,5000
2024-04-27,Breakfast,"현미밥+미역국+김치",400,3000
2024-04-27,Lunch,"불고기+된장국+콩나물무침",600,7000
2024-04-27,Dinner,"계란말이+시금치나물+쌀밥",500,5000
2024-04-28,Breakfast,"현미밥+미역국+김치",400,3000
2024-04-28,Lunch,"불고기+된장국+콩나물무침",600,7000
2024-04-28,Dinner,"계란말이+시금치나물+쌀밥",500,5000
2024-04-29,Breakfast,"현미밥+미역국+김치",400,3000
2024-04-29,Lunch,"불고기+된장국+콩나물무침",600,7000
2024-04-29,Dinner,"계란말이+시금치나물+쌀밥",500,5000
2024-04-30,Breakfast,"현미밥+미역국+김치",400,3000
2024-04-30,Lunch,"불고기+된장국+콩나물무침",600,7000
2024-04-30,Dinner,"계란말이+시금치나물+쌀밥",500,5000
2024-05-01,Breakfast,"현미밥+미역국+김치",400,3000
2024-05-01,Lunch,"불고기+된장국+콩나물무침",600,7000
2024-05-01,Dinner,"계란말이+시금치나물+쌀밥",500,5000
2024-05-02,Breakfast,"현미밥+미역국+김치",400,3000
2024-05-02,Lunch,"불고기+된장국+콩나물무침",600,7000
2024-05-02,Dinner,"계란말이+시금치나물+쌀밥",500,5000
2024-05-03,Breakfast,"현미밥+미역국+김치",400,3000
2024-05-03,Lunch,"불고기+된장국+콩나물무침",600,7000
2024-05-03,Dinner,"계란말이+시금치나물+쌀밥",500,5000
2024-05-04,Breakfast,"현미밥+미역국+김치",400,3000
2024-05-04,Lunch,"불고기+된장국+콩나물무침",600,7000
2024-05-04,Dinner,"계란말이+시금치나물+쌀밥",500,5000
2024-05-05,Breakfast,"현미밥+미역국+김치",400,3000
2024-05-05,Lunch,"불고기+된장국+콩나물무침",600,7000
2024-05-05,Dinner,"계란말이+시금치나물+쌀밥",500,5000
2024-05-06,Breakfast,"현미밥+미역국+김치",400,3000
2024-05-06,Lunch,"불고기+된장국+콩나물무침",600,7000
2024-05-06,Dinner,"계란말이+시금치나물+쌀밥",500,5000
2024-05-07,Breakfast,"현미밥+미역국+김치",400,3000
2024-05-07,Lunch,"불고기+된장국+콩나물무침",600,7000
2024-05-07,Dinner,"계란말이+시금치나물+쌀밥",500,5000
2024-05-08,Breakfast,"현미밥+미역국+김치",400,3000
2024-05-08,Lunch,"불고기+된장국+콩나물무침",600,7000
2024-05-08,Dinner,"계란말이+시금치나물+쌀밥",500,5000
2024-05-09,Breakfast,"현미밥+미역국+김치",400,3000
2024-05-09,Lunch,"불고기+된장국+콩나물무침",600,7000
2024-05-09,Dinner,"계란말이+시금치나물+쌀밥",500,5000
2024-05-10,Breakfast,"현미밥+미역국+김치",400,3000
2024-05-10,Lunch,"불고기+된장국+콩나물무침",600,7000
2024-05-10,Dinner,"계란말이+시금치나물+쌀밥",500,5000
2024-05-11,Breakfast,"현미밥+미역국+김치",400,3000
2024-05-11,Lunch,"불고기+된장국+콩나물무침",600,7000
2024-05-11,Dinner,"계란말이+시금치나물+쌀밥",500,5000
2024-05-12,Breakfast,"현미밥+미역국+김치",400,3000
2024-05-12,Lunch,"불고기+된장국+콩나물무침",600,7000
2024-05-12,Dinner,"계란말이+시금치나물+쌀밥",500,5000
2024-05-13,Breakfast,"현미밥+미역국+김치",400,3000
2024-05-13,Lunch,"불고기+된장국+콩나물무침",600,7000
2024-05-13,Dinner,"계란말이+시금치나물+쌀밥",500,5000
2024-05-14,Breakfast,"현미밥+미역국+김치",400,3000
2024-05-14,Lunch,"불고기+된장국+콩나물무침",600,7000
2024-05-14,Dinner,"계란말이+시금치나물+쌀밥",500,5000
2024-05-15,Breakfast,"현미밥+미역국+김치",400,3000
2024-05-15,Lunch,"불고기+된장국+콩나물무침",600,7000
2024-05-15,Dinner,"계란말이+시금치나물+쌀밥",500,5000
2024-05-16,Breakfast,"현미밥+미역국+김치",400,3000
2024-05-16,Lunch,"불고기+된장국+콩나물무침",600,7000
2024-05-16,Dinner,"계란말이+시금치나물+쌀밥",500,5000
2024-05-17,Breakfast,"현미밥+미역국+김치",400,3000
2024-05-17,Lunch,"불고기+된장국+콩나물무침",600,7000
2024-05-17,Dinner,"계란말이+시금치나물+쌀밥",500,5000
2024-05-18,Breakfast,"현미밥+미역국+김치",400,3000
2024-05-18,Lunch,"불고기+된장국+콩나물무침",600,7000
2024-05-18,Dinner,"계란말이+시금치나물+쌀밥",500,5000
2024-05-19,Breakfast,"현미밥+미역국+김치",400,3000
2024-05-19,Lunch,"불고기+된장국+콩나물무침",600,7000
2024-05-19,Dinner,"계란말이+시금치나물+쌀밥",500,5000
2024-05-20,Breakfast,"현미밥+미역국+김치",400,3000
2024-05-20,Lunch,"불고기+된장국+콩나물무침",600,7000
2024-05-20,Dinner,"계란말이+시금치나물+쌀밥",500,5000
2024-05-21,Breakfast,"현미밥+미역국+김치",400,3000
2024-05-21,Lunch,"불고기+된장국+콩나물무침",600,7000
2024-05-21,Dinner,"계란말이+시금치나물+쌀밥",500,5000
2024-05-22,Breakfast,"현미밥+미역국+김치",400,3000
2024-05-22,Lunch,"불고기+된장국+콩나물무침",600,7000
2024-05-22,Dinner,"계란말이+시금치나물+쌀밥",500,5000
2024-05-23,Breakfast,"현미밥+미역국+김치",400,3000
2024-05-23,Lunch,"불고기+된장국+콩나물무침",600,7000
2024-05-23,Dinner,"계란말이+시금치나물+쌀밥",500,5000
2024-05-24,Breakfast,"현미밥+미역국+김치",400,3000
2024-05-24,Lunch,"불고기+된장국+콩나물무침",600,7000
2024-05-24,Dinner,"계란말이+시금치나물+쌀밥",500,5000
2024-05-25,Breakfast,"현미밥+미역국+김치",400,3000
2024-05-25,Lunch,"불고기+된장국+콩나물무침",600,7000
2024-05-25,Dinner,"계란말이+시금치나물+쌀밥",500,5000
2024-05-26,Breakfast,"현미밥+미역국+김치",400,3000
2024-05-26,Lunch,"불고기+된장국+콩나물무침",600,7000
2024-05-26,Dinner,"계란말이+시금치나물+쌀밥",500,5000
2024-05-27,Breakfast,"현미밥+미역국+김치",400,3000
2024-05-27,Lunch,"불고기+된장국+콩나물무침",600,7000
2024-05-27,Dinner,"계란말이+시금치나물+쌀밥",500,5000
2024-05-28,Breakfast,"현미밥+미역국+김치",400,3000
2024-05-28,Lunch,"불고기+된장국+콩나물무침",600,7000
2024-05-28,Dinner,"계란말이+시금치나물+쌀밥",500,5000
2024-05-29,Breakfast,"현미밥+미역국+김치",400,3000
2024-05-29,Lunch,"불고기+된장국+콩나물무침",600,7000
2024-05-29,Dinner,"계란말이+시금치나물+쌀밥",500,5000
2024-05-30,Breakfast,"현미밥+미역국+김치",400,3000
2024-05-30,Lunch,"불고기+된장국+콩나물무침",600,7000
2024-05-30,Dinner,"계란말이+시금치나물+쌀밥",500,5000
2024-05-31,Breakfast,"현미밥+미역국+김치",400,3000
2024-05-31,Lunch,"불고기+된장국+콩나물무침",600,7000
2024-05-31,Dinner,"계란말이+시금치나물+쌀밥",500,5000
2024-06-01,Breakfast,"현미밥+미역국+김치",400,3000
2024-06-01,Lunch,"불고기+된장국+콩나물무침",600,7000
2024-06-01,Dinner,"계란말이+시금치나물+쌀밥",500,5000
2024-06-02,Breakfast,"현미밥+미역국+김치",400,3000
2024-06-02,Lunch,"불고기+된장국+콩나물무침",600,7000
2024-06-02,Dinner,"계란말이+시금치나물+쌀밥",500,5000
2024-06-03,Breakfast,"현미밥+미역국+김치",400,3000
2024-06-03,Lunch,"불고기+된장국+콩나물무침",600,7000
2024-06-03,Dinner,"계란말이+시금치나물+쌀밥",500,5000
2024-06-04,Breakfast,"현미밥+미역국+김치",400,3000
2024-06-04,Lunch,"불고기+된장국+콩나물무침",600,7000
2024-06-04,Dinner,"계란말이+시금치나물+쌀밥",500,5000
2024-06-05,Breakfast,"현미밥+미역국+김치",400,3000
2024-06-05,Lunch,"불고기+된장국+콩나물무침",600,7000
2024-06-05,Dinner,"계란말이+시금치나물+쌀밥",500,5000
2024-06-06,Breakfast,"현미밥+미역국+김치",400,3000
2024-06-06,Lunch,"불고기+된장국+콩나물무침",600,7000
2024-06-06,Dinner,"계란말이+시금치나물+쌀밥",500,5000
2024-06-07,Breakfast,"현미밥+미역국+김치",400,3000
2024-06-07,Lunch,"불고기+된장국+콩나물무침",600,7000
2024-06-07,Dinner,"계란말이+시금치나물+쌀밥",500,5000
2024-06-08,Breakfast,"현미밥+미역국+김치",400,3000
2024-06-08,Lunch,"불고기+된장국+콩나물무침",600,7000
2024-06-08,Dinner,"계란말이+시금치나물+쌀밥",500,5000
2024-06-09,Breakfast,"현미밥+미역국+김치",400,3000
2024-06-09,Lunch,"불고기+된장국+콩나물무침",600,7000
2024-06-09,Dinner,"계란말이+시금치나물+쌀밥",500,5000
2024-06-10,Breakfast,"현미밥+미역국+김치",400,3000
2024-06-10,Lunch,"불고기+된장국+콩나물무침",600,7000
2024-06-10,Dinner,"계란말이+시금치나물+쌀밥",500,5000
2024-06-11,Breakfast,"현미밥+미역국+김치",400,3000
2024-06-11,Lunch,"불고기+된장국+콩나물무침",600,7000
2024-06-11,Dinner,"계란말이+시금치나물+쌀밥",500,5000
2024-06-12,Breakfast,"현미밥+미역국+김치",400,3000
2024-06-12,Lunch,"불고기+된장국+콩나물무침",600,7000
2024-06-12,Dinner,"계란말이+시금치나물+쌀밥",500,5000
2024-06-13,Breakfast,"현미밥+미역국+김치",400,3000
2024-06-13,Lunch,"불고기+된장국+콩나물무침",600,7000
2024-06-13,Dinner,"계란말이+시금치나물+쌀밥",500,5000
2024-06-14,Breakfast,"현미밥+미역국+김치",400,3000
2024-06-14,Lunch,"불고기+된장국+콩나물무침",600,7000
2024-06-14,Dinner,"계란말이+시금치나물+쌀밥",500,5000
2024-06-15,Breakfast,"현미밥+미역국+김치",400,3000
2024-06-15,Lunch,"불고기+된장국+콩나물무침",600,7000
2024-06-15,Dinner,"계란말이+시금치나물+쌀밥",500,5000
2024-06-16,Breakfast,"현미밥+미역국+김치",400,3000
2024-06-16,Lunch,"불고기+된장국+콩나물무침",600,7000
2024-06-16,Dinner,"계란말이+시금치나물+쌀밥",500,5000
2024-06-17,Breakfast,"현미밥+미역국+김치",400,3000
2024-06-17,Lunch,"불고기+된장국+콩나물무침",600,7000
2024-06-17,Dinner,"계란말이+시금치나물+쌀밥",500,5000
2024-06-18,Breakfast,"현미밥+미역국+김치",400,3000
2024-06-18,Lunch,"불고기+된장국+콩나물무침",600,7000
2024-06-18,Dinner,"계란말이+시금치나물+쌀밥",500,5000
2024-06-19,Breakfast,"현미밥+미역국+김치",400,3000
2024-06-19,Lunch,"불고기+된장국+콩나물무침",600,7000
2024-06-19,Dinner,"계란말이+시금치나물+쌀밥",500,5000
2024-06-20,Breakfast,"현미밥+미역국+김치",400,3000
2024-06-20,Lunch,"불고기+된장국+콩나물무침",600,7000
2024-06-20,Dinner,"계란말이+시금치나물+쌀밥",500,5000
2024-06-21,Breakfast,"현미밥+미역국+김치",400,3000
2024-06-21,Lunch,"불고기+된장국+콩나물무침",600,7000
2024-06-21,Dinner,"계란말이+시금치나물+쌀밥",500,5000
2024-06-22,Breakfast,"현미밥+미역국+김치",400,3000
2024-06-22,Lunch,"불고기+된장국+콩나물무침",600,7000
2024-06-22,Dinner,"계란말이+시금치나물+쌀밥",500,5000
2024-06-23,Breakfast,"현미밥+미역국+김치",400,3000
2024-06-23,Lunch,"불고기+된장국+콩나물무침",600,7000
2024-06-23,Dinner,"계란말이+시금치나물+쌀밥",500,5000
2024-06-24,Breakfast,"현미밥+미역국+김치",400,3000
2024-06-24,Lunch,"불고기+된장국+콩나물무침",600,7000
2024-06-24,Dinner,"계란말이+시금치나물+쌀밥",500,5000
2024-06-25,Breakfast,"현미밥+미역국+김치",400,3000
2024-06-25,Lunch,"불고기+된장국+콩나물무침",600,7000
2024-06-25,Dinner,"계란말이+시금치나물+쌀밥",500,5000
2024-06-26,Breakfast,"현미밥+미역국+김치",400,3000
2024-06-26,Lunch,"불고기+된장국+콩나물무침",600,7000
2024-06-26,Dinner,"계란말이+시금치나물+쌀밥",500,5000
2024-06-27,Breakfast,"현미밥+미역국+김치",400,3000
2024-06-27,Lunch,"불고기+된장국+콩나물무침",600,7000
2024-06-27,Dinner,"계란말이+시금치나물+쌀밥",500,5000
2024-06-28,Breakfast,"현미밥+미역국+김치",400,3000
2024-06-28,Lunch,"불고기+된장국+콩나물무침",600,7000
2024-06-28,Dinner,"계란말이+시금치나물+쌀밥",500,5000
2024-06-29,Breakfast,"현미밥+미역국+김치",400,3000
2024-06-29,Lunch,"불고기+된장국+콩나물무침",600,7000
2024-06-29,Dinner,"계란말이+시금치나물+쌀밥",500,5000
2024-06-30,Breakfast,"현미밥+미역국+김치",400,3000
2024-06-30,Lunch,"불고기+된장국+콩나물무침",600,7000
2024-06-30,Dinner,"계란말이+시금치나물+쌀밥",500,5000
2024-07-01,Breakfast,"현미밥+미역국+김치",400,3000
2024-07-01,Lunch,"불고기+된장국+콩나물무침",600,7000
2024-07-01,Dinner,"계란말이+시금치나물+쌀밥",500,5000
2024-07-02,Breakfast,"현미밥+미역국+김치",400,3000
2024-07-02,Lunch,"불고기+된장국+콩나물무침",600,7000
2024-07-02,Dinner,"계란말이+시금치나물+쌀밥",500,5000
2024-07-03,Breakfast,"현미밥+미역국+김치",400,3000
2024-07-03,Lunch,"불고기+된장국+콩나물무침",600,7000
2024-07-03,Dinner,"계란말이+시금치나물+쌀밥",500,5000
2024-07-04,Breakfast,"현미밥+미역국+김치",400,3000
2024-07-04,Lunch,"불고기+된장국+콩나물무침",600,7000
2024-07-04,Dinner,"계란말이+시금치나물+쌀밥",500,5000
2024-07-05,Breakfast,"현미밥+미역국+김치",400,3000
2024-07-05,Lunch,"불고기+된장국+콩나물무침",600,7000
2024-07-05,Dinner,"계란말이+시금치나물+쌀밥",500,5000
2024-07-06,Breakfast,"현미밥+미역국+김치",400,3000
2024-07-06,Lunch,"불고기+된장국+콩나물무침",600,7000
2024-07-06,Dinner,"계란말이+시금치나물+쌀밥",500,5000
2024-07-07,Breakfast,"현미밥+미역국+김치",400,3000
2024-07-07,Lunch,"불고기+된장국+콩나물무침",600,7000
2024-07-07,Dinner,"계란말이+시금치나물+쌀밥",500,5000
2024-07-08,Breakfast,"현미밥+미역국+김치",400,3000
2024-07-08,Lunch,"불고기+된장국+콩나물무침",600,7000
2024-07-08,Dinner,"계란말이+시금치나물+쌀밥",500,5000
2024-07-09,Breakfast,"현미밥+미역국+김치",400,3000
2024-07-09,Lunch,"불고기+된장국+콩나물무침",600,7000
2024-07-09,Dinner,"계란말이+시금치나물+쌀밥",500,5000
2024-07-10,Breakfast,"현미밥+미역국+김치",400,3000
2024-07-10,Lunch,"불고기+된장국+콩나물무침",600,7000
2024-07-10,Dinner,"계란말이+시금치나물+쌀밥",500,5000
2024-07-11,Breakfast,"현미밥+미역국+김치",400,3000
2024-07-11,Lunch,"불고기+된장국+콩나물무침",600,7000
2024-07-11,Dinner,"계란말이+시금치나물+쌀밥",500,5000
2024-07-12,Breakfast,"현미밥+미역국+김치",400,3000
2024-07-12,Lunch,"불고기+된장국+콩나물무침",600,7000
2024-07-12,Dinner,"계란말이+시금치나물+쌀밥",500,5000
2024-07-13,Breakfast,"현미밥+미역국+김치",400,3000
2024-07-13,Lunch,"불고기+된장국+콩나물무침",600,7000
2024-07-13,Dinner,"계란말이+시금치나물+쌀밥",500,5000
2024-07-14,Breakfast,"현미밥+미역국+김치",400,3000
2024-07-14,Lunch,"불고기+된장국+콩나물무침",600,7000
2024-07-14,Dinner,"계란말이+시금치나물+쌀밥",500,5000
2024-07-15,Breakfast,"현미밥+미역국+김치",400,3000
2024-07-15,Lunch,"불고기+된장국+콩나물무침",600,7000
2024-07-15,Dinner,"계란말이+시금치나물+쌀밥",500,5000
2024-07-16,Breakfast,"현미밥+미역국+김치",400,3000
2024-07-16,Lunch,"불고기+된장국+콩나물무침",600,7000
2024-07-16,Dinner,"계란말이+시금치나물+쌀밥",500,5000
2024-07-17,Breakfast,"현미밥+미역국+김치",400,3000
2024-07-17,Lunch,"불고기+된장국+콩나물무침",600,7000
2024-07-17,Dinner,"계란말이+시금치나물+쌀밥",500,5000
2024-07-18,Breakfast,"현미밥+미역국+김치",400,3000
2024-07-18,Lunch,"불고기+된장국+콩나물무침",600,7000
2024-07-18,Dinner,"계란말이+시금치나물+쌀밥",500,5000
2024-07-19,Breakfast,"현미밥+미역국+김치",400,3000
2024-07-19,Lunch,"불고기+된장국+콩나물무침",600,7000
2024-07-19,Dinner,"계란말이+시금치나물+쌀밥",500,5000
2024-07-20,Breakfast,"현미밥+미역국+김치",400,3000
2024-07-20,Lunch,"불고기+된장국+콩나물무침",600,7000
2024-07-20,Dinner,"계란말이+시금치나물+쌀밥",500,5000
2024-07-21,Breakfast,"현미밥+미역국+김치",400,3000
2024-07-21,Lunch,"불고기+된장국+콩나물무침",600,7000
2024-07-21,Dinner,"계란말이+시금치나물+쌀밥",500,5000
2024-07-22,Breakfast,"현미밥+미역국+김치",400,3000
2024-07-22,Lunch,"불고기+된장국+콩나물무침",600,7000
2024-07-22,Dinner,"계란말이+시금치나물+쌀밥",500,5000
2024-07-23,Breakfast,"현미밥+미역국+김치",400,3000
2024-07-23,Lunch,"불고기+된장국+콩나물무침",600,7000
2024-07-23,Dinner,"계란말이+시금치나물+쌀밥",500,5000
2024-07-24,Breakfast,"현미밥+미역국+김치",400,3000
2024-07-24,Lunch,"불고기+된장국+콩나물무침",600,7000
2024-07-24,Dinner,"계란말이+시금치나물+쌀밥",500,5000
2024-07-25,Breakfast,"현미밥+미역국+김치",400,3000
2024-07-25,Lunch,"불고기+된장국+콩나물무침",600,7000
2024-07-25,Dinner,"계란말이+시금치나물+쌀밥",500,5000
2024-07-26,Breakfast,"현미밥+미역국+김치",400,3000
2024-07-26,Lunch,"불고기+된장국+콩나물무침",600,7000
2024-07-26,Dinner,"계란말이+시금치나물+쌀밥",500,5000
2024-07-27,Breakfast,"현미밥+미역국+김치",400,3000
2024-07-27,Lunch,"불고기+된장국+콩나물무침",600,7000
2024-07-27,Dinner,"계란말이+시금치나물+쌀밥",500,5000
2024-07-28,Breakfast,"현미밥+미역국+김치",400,3000
2024-07-28,Lunch,"불고기+된장국+콩나물무침",600,7000
2024-07-28,Dinner,"계란말이+시금치나물+쌀밥",500,5000
2024-07-29,Breakfast,"현미밥+미역국+김치",400,3000
2024-07-29,Lunch,"불고기+된장국+콩나물무침",600,7000
2024-07-29,Dinner,"계란말이+시금치나물+쌀밥",500,5000
2024-07-30,Breakfast,"현미밥+미역국+김치",400,3000
2024-07-30,Lunch,"불고기+된장국+콩나물무침",600,7000
2024-07-30,Dinner,"계란말이+시금치나물+쌀밥",500,5000
2024-07-31,Breakfast,"현미밥+미역국+김치",400,3000
2024-07-31,Lunch,"불고기+된장국+콩나물무침",600,7000
2024-07-31,Dinner,"계란말이+시금치나물+쌀밥",500,5000
2024-08-01,Breakfast,"현미밥+미역국+김치",400,3000
2024-08-01,Lunch,"불고기+된장국+콩나물무침",600,7000
2024-08-01,Dinner,"계란말이+시금치나물+쌀밥",500,5000
2024-08-02,Breakfast,"현미밥+미역국+김치",400,3000
2024-08-02,Lunch,"불고기+된장국+콩나물무침",600,7000
2024-08-02,Dinner,"계란말이+시금치나물+쌀밥",500,5000
2024-08-03,Breakfast,"현미밥+미역국+김치",400,3000
2024-08-03,Lunch,"불고기+된장국+콩나물무침",600,7000
2024-08-03,Dinner,"계란말이+시금치나물+쌀밥",500,5000
2024-08-04,Breakfast,"현미밥+미역국+김치",400,3000
2024-08-04,Lunch,"불고기+된장국+콩나물무침",600,7000
2024-08-04,Dinner,"계란말이+시금치나물+쌀밥",500,5000
2024-08-05,Breakfast,"현미밥+미역국+김치",400,3000
2024-08-05,Lunch,"불고기+된장국+콩나물무침",600,7000
2024-08-05,Dinner,"계란말이+시금치나물+쌀밥",500,5000
2024-08-06,Breakfast,"현미밥+미역국+김치",400,3000
2024-08-06,Lunch,"불고기+된장국+콩나물무침",600,7000
2024-08-06,Dinner,"계란말이+시금치나물+쌀밥",500,5000
2024-08-07,Breakfast,"현미밥+미역국+김치",400,3000
2024-08-07,Lunch,"불고기+된장국+콩나물무침",600,7000
2024-08-07,Dinner,"계란말이+시금치나물+쌀밥",500,5000
2024-08-08,Breakfast,"현미밥+미역국+김치",400,3000
2024-08-08,Lunch,"불고기+된장국+콩나물무침",600,7000
2024-08-08,Dinner,"계란말이+시금치나물+쌀밥",500,5000
2024-08-09,Breakfast,"현미밥+미역국+김치",400,3000
2024-08-09,Lunch,"불고기+된장국+콩나물무침",600,7000
2024-08-09,Dinner,"계란말이+시금치나물+쌀밥",500,5000
2024-08-10,Breakfast,"현미밥+미역국+김치",400,3000
2024-08-10,Lunch,"불고기+된장국+콩나물무침",600,7000
2024-08-10,Dinner,"계란말이+시금치나물+쌀밥",500,5000
2024-08-11,Breakfast,"현미밥+미역국+김치",400,3000
2024-08-11,Lunch,"불고기+된장국+콩나물무침",600,7000
2024-08-11,Dinner,"계란말이+시금치나물+쌀밥",500,5000
2024-08-12,Breakfast,"현미밥+미역국+김치",400,3000
2024-08-12,Lunch,"불고기+된장국+콩나물무침",600,7000
2024-08-12,Dinner,"계란말이+시금치나물+쌀밥",500,5000
2024-08-13,Breakfast,"현미밥+미역국+김치",400,3000
2024-08-13,Lunch,"불고기+된장국+콩나물무침",600,7000
2024-08-13,Dinner,"계란말이+시금치나물+쌀밥",500,5000
2024-08-14,Breakfast,"현미밥+미역국+김치",400,3000
2024-08-14,Lunch,"불고기+된장국+콩나물무침",600,7000
2024-08-14,Dinner,"계란말이+시금치나물+쌀밥",500,5000
2024-08-15,Breakfast,"현미밥+미역국+김치",400,3000
2024-08-15,Lunch,"불고기+된장국+콩나물무침",600,7000
2024-08-15,Dinner,"계란말이+시금치나물+쌀밥",500,5000
2024-08-16,Breakfast,"현미밥+미역국+김치",400,3000
2024-08-16,Lunch,"불고기+된장국+콩나물무침",600,7000
2024-08-16,Dinner,"계란말이+시금치나물+쌀밥",500,5000
2024-08-17,Breakfast,"현미밥+미역국+김치",400,3000
2024-08-17,Lunch,"불고기+된장국+콩나물무침",600,7000
2024-08-17,Dinner,"계란말이+시금치나물+쌀밥",500,5000
2024-08-18,Breakfast,"현미밥+미역국+김치",400,3000
2024-08-18,Lunch,"불고기+된장국+콩나물무침",600,7000
2024-08-18,Dinner,"계란말이+시금치나물+쌀밥",500,5000
2024-08-19,Breakfast,"현미밥+미역국+김치",400,3000
2024-08-19,Lunch,"불고기+된장국+콩나물무침",600,7000
2024-08-19,Dinner,"계란말이+시금치나물+쌀밥",500,5000
2024-08-20,Breakfast,"현미밥+미역국+김치",400,3000
2024-08-20,Lunch,"불고기+된장국+콩나물무침",600,7000
2024-08-20,Dinner,"계란말이+시금치나물+쌀밥",500,5000
2024-08-21,Breakfast,"현미밥+미역국+김치",400,3000
2024-08-21,Lunch,"불고기+된장국+콩나물무침",600,7000
2024-08-21,Dinner,"계란말이+시금치나물+쌀밥",500,5000
2024-08-22,Breakfast,"현미밥+미역국+김치",400,3000
2024-08-22,Lunch,"불고기+된장국+콩나물무침",600,7000
2024-08-22,Dinner,"계란말이+시금치나물+쌀밥",500,5000
2024-08-23,Breakfast,"현미밥+미역국+김치",400,3000
2024-08-23,Lunch,"불고기+된장국+콩나물무침",600,7000
2024-08-23,Dinner,"계란말이+시금치나물+쌀밥",500,5000
2024-08-24,Breakfast,"현미밥+미역국+김치",400,3000
2024-08-24,Lunch,"불고기+된장국+콩나물무침",600,7000
2024-08-24,Dinner,"계란말이+시금치나물+쌀밥",500,5000
2024-08-25,Breakfast,"현미밥+미역국+김치",400,3000
2024-08-25,Lunch,"불고기+된장국+콩나물무침",600,7000
2024-08-25,Dinner,"계란말이+시금치나물+쌀밥",500,5000
2024-08-26,Breakfast,"현미밥+미역국+김치",400,3000
2024-08-26,Lunch,"불고기+된장국+콩나물무침",600,7000
2024-08-26,Dinner,"계란말이+시금치나물+쌀밥",500,5000
2024-08-27,Breakfast,"현미밥+미역국+김치",400,3000
2024-08-27,Lunch,"불고기+된장국+콩나물무침",600,7000
2024-08-27,Dinner,"계란말이+시금치나물+쌀밥",500,5000
2024-08-28,Breakfast,"현미밥+미역국+김치",400,3000
2024-08-28,Lunch,"불고기+된장국+콩나물무침",600,7000
2024-08-28,Dinner,"계란말이+시금치나물+쌀밥",500,5000
2024-08-29,Breakfast,"현미밥+미역국+김치",400,3000
2024-08-29,Lunch,"불고기+된장국+콩나물무침",600,7000
2024-08-29,Dinner,"계란말이+시금치나물+쌀밥",500,5000
2024-08-30,Breakfast,"현미밥+미역국+김치",400,3000
2024-08-30,Lunch,"불고기+된장국+콩나물무침",600,7000
2024-08-30,Dinner,"계란말이+시금치나물+쌀밥",500,5000
2024-08-31,Breakfast,"현미밥+미역국+김치",400,3000
2024-08-31,Lunch,"불고기+된장국+콩나물무침",600,7000
2024-08-31,Dinner,"계란말이+시금치나물+쌀밥",500,5000
2024-09-01,Breakfast,"현미밥+미역국+김치",400,3000
2024-09-01,Lunch,"불고기+된장국+콩나물무침",600,7000
2024-09-01,Dinner,"계란말이+시금치나물+쌀밥",500,5000
2024-09-02,Breakfast,"현미밥+미역국+김치",400,3000
2024-09-02,Lunch,"불고기+된장국+콩나물무침",600,7000
2024-09-02,Dinner,"계란말이+시금치나물+쌀밥",500,5000
2024-09-03,Breakfast,"현미밥+미역국+김치",400,3000
2024-09-03,Lunch,"불고기+된장국+콩나물무침",600,7000
2024-09-03,Dinner,"계란말이+시금치나물+쌀밥",500,5000
2024-09-04,Breakfast,"현미밥+미역국+김치",400,3000
2024-09-04,Lunch,"불고기+된장국+콩나물무침",600,7000
2024-09-04,Dinner,"계란말이+시금치나물+쌀밥",500,5000
2024-09-05,Breakfast,"현미밥+미역국+김치",400,3000
2024-09-05,Lunch,"불고기+된장국+콩나물무침",600,7000
2024-09-05,Dinner,"계란말이+시금치나물+쌀밥",500,5000
2024-09-06,Breakfast,"현미밥+미역국+김치",400,3000
2024-09-06,Lunch,"불고기+된장국+콩나물무침",600,7000
2024-09-06,Dinner,"계란말이+시금치나물+쌀밥",500,5000
2024-09-07,Breakfast,"현미밥+미역국+김치",400,3000
2024-09-07,Lunch,"불고기+된장국+콩나물무침",600,7000
2024-09-07,Dinner,"계란말이+시금치나물+쌀밥",500,5000
2024-09-08,Breakfast,"현미밥+미역국+김치",400,3000
2024-09-08,Lunch,"불고기+된장국+콩나물무침",600,7000
2024-09-08,Dinner,"계란말이+시금치나물+쌀밥",500,5000
2024-09-09,Breakfast,"현미밥+미역국+김치",400,3000
2024-09-09,Lunch,"불고기+된장국+콩나물무침",600,7000
2024-09-09,Dinner,"계란말이+시금치나물+쌀밥",500,5000
2024-09-10,Breakfast,"현미밥+미역국+김치",400,3000
2024-09-10,Lunch,"불고기+된장국+콩나물무침",600,7000
2024-09-10,Dinner,"계란말이+시금치나물+쌀밥",500,5000
2024-09-11,Breakfast,"현미밥+미역국+김치",400,3000
2024-09-11,Lunch,"불고기+된장국+콩나물무침",600,7000
2024-09-11,Dinner,"계란말이+시금치나물+쌀밥",500,5000
2024-09-12,Breakfast,"현미밥+미역국+김치",400,3000
2024-09-12,Lunch,"불고기+된장국+콩나물무침",600,7000
2024-09-12,Dinner,"계란말이+시금치나물+쌀밥",500,5000
2024-09-13,Breakfast,"현미밥+미역국+김치",400,3000
2024-09-13,Lunch,"불고기+된장국+콩나물무침",600,7000
2024-09-13,Dinner,"계란말이+시금치나물+쌀밥",500,5000
2024-09-14,Breakfast,"현미밥+미역국+김치",400,3000
2024-09-14,Lunch,"불고기+된장국+콩나물무침",600,7000
2024-09-14,Dinner,"계란말이+시금치나물+쌀밥",500,5000
2024-09-15,Breakfast,"현미밥+미역국+김치",400,3000
2024-09-15,Lunch,"불고기+된장국+콩나물무침",600,7000
2024-09-15,Dinner,"계란말이+시금치나물+쌀밥",500,5000
2024-09-16,Breakfast,"현미밥+미역국+김치",400,3000
2024-09-16,Lunch,"불고기+된장국+콩나물무침",600,7000
2024-09-16,Dinner,"계란말이+시금치나물+쌀밥",500,5000
2024-09-17,Breakfast,"현미밥+미역국+김치",400,3000
2024-09-17,Lunch,"불고기+된장국+콩나물무침",600,7000
2024-09-17,Dinner,"계란말이+시금치나물+쌀밥",500,5000
2024-09-18,Breakfast,"현미밥+미역국+김치",400,3000
2024-09-18,Lunch,"불고기+된장국+콩나물무침",600,7000
2024-09-18,Dinner,"계란말이+시금치나물+쌀밥",500,5000
2024-09-19,Breakfast,"현미밥+미역국+김치",400,3000
2024-09-19,Lunch,"불고기+된장국+콩나물무침",600,7000
2024-09-19,Dinner,"계란말이+시금치나물+쌀밥",500,5000
2024-09-20,Breakfast,"현미밥+미역국+김치",400,3000
2024-09-20,Lunch,"불고기+된장국+콩나물무침",600,7000
2024-09-20,Dinner,"계란말이+시금치나물+쌀밥",500,5000
2024-09-21,Breakfast,"현미밥+미역국+김치",400,3000
2024-09-21,Lunch,"불고기+된장국+콩나물무침",600,7000
2024-09-21,Dinner,"계란말이+시금치나물+쌀밥",500,5000
2024-09-22,Breakfast,"현미밥+미역국+김치",400,3000
2024-09-22,Lunch,"불고기+된장국+콩나물무침",600,7000
2024-09-22,Dinner,"계란말이+시금치나물+쌀밥",500,5000
2024-09-23,Breakfast,"현미밥+미역국+김치",400,3000
2024-09-23,Lunch,"불고기+된장국+콩나물무침",600,7000
2024-09-23,Dinner,"계란말이+시금치나물+쌀밥",500,5000
2024-09-24,Breakfast,"현미밥+미역국+김치",400,3000
2024-09-24,Lunch,"불고기+된장국+콩나물무침",600,7000
2024-09-24,Dinner,"계란말이+시금치나물+쌀밥",500,5000
2024-09-25,Breakfast,"현미밥+미역국+김치",400,3000
2024-09-25,Lunch,"불고기+된장국+콩나물무침",600,7000
2024-09-25,Dinner,"계란말이+시금치나물+쌀밥",500,5000
2024-09-26,Breakfast,"현미밥+미역국+김치",400,3000
2024-09-26,Lunch,"불고기+된장국+콩나물무침",600,7000
2024-09-26,Dinner,"계란말이+시금치나물+쌀밥",500,5000
2024-09-27,Breakfast,"현미밥+미역국+김치",400,3000
2024-09-27,Lunch,"불고기+된장국+콩나물무침",600,7000
2024-09-27,Dinner,"계란말이+시금치나물+쌀밥",500,5000
2024-09-28,Breakfast,"현미밥+미역국+김치",400,3000
2024-09-28,Lunch,"불고기+된장국+콩나물무침",600,7000
2024-09-28,Dinner,"계란말이+시금치나물+쌀밥",500,5000
2024-09-29,Breakfast,"현미밥+미역국+김치",400,3000
2024-09-29,Lunch,"불고기+된장국+콩나물무침",600,7000
2024-09-29,Dinner,"계란말이+시금치나물+쌀밥",500,5000
2024-09-30,Breakfast,"현미밥+미역국+김치",400,3000
2024-09-30,Lunch,"불고기+된장국+콩나물무침",600,7000
2024-09-30,Dinner,"계란말이+시금치나물+쌀밥",500,5000
2024-10-01,Breakfast,"현미밥+미역국+김치",400,3000
2024-10-01,Lunch,"불고기+된장국+콩나물무침",600,7000
2024-10-01,Dinner,"계란말이+시금치나물+쌀밥",500,5000
2024-10-02,Breakfast,"현미밥+미역국+김치",400,3000
2024-10-02,Lunch,"불고기+된장국+콩나물무침",600,7000
2024-10-02,Dinner,"계란말이+시금치나물+쌀밥",500,5000
2024-10-03,Breakfast,"현미밥+미역국+김치",400,3000
2024-10-03,Lunch,"불고기+된장국+콩나물무침",600,7000
2024-10-03,Dinner,"계란말이+시금치나물+쌀밥",500,5000
2024-10-04,Breakfast,"현미밥+미역국+김치",400,3000
2024-10-04,Lunch,"불고기+된장국+콩나물무침",600,7000
2024-10-04,Dinner,"계란말이+시금치나물+쌀밥",500,5000
2024-10-05,Breakfast,"현미밥+미역국+김치",400,3000
2024-10-05,Lunch,"불고기+된장국+콩나물무침",600,7000
2024-10-05,Dinner,"계란말이+시금치나물+쌀밥",500,5000
2024-10-06,Breakfast,"현미밥+미역국+김치",400,3000
2024-10-06,Lunch,"불고기+된장국+콩나물무침",600,7000
2024-10-06,Dinner,"계란말이+시금치나물+쌀밥",500,5000
2024-10-07,Breakfast,"현미밥+미역국+김치",400,3000
2024-10-07,Lunch,"불고기+된장국+콩나물무침",600,7000
2024-10-07,Dinner,"계란말이+시금치나물+쌀밥",500,5000
2024-10-08,Breakfast,"현미밥+미역국+김치",400,3000
2024-10-08,Lunch,"불고기+된장국+콩나물무침",600,7000
2024-10-08,Dinner,"계란말이+시금치나물+쌀밥",500,5000
2024-10-09,Breakfast,"현미밥+미역국+김치",400,3000
2024-10-09,Lunch,"불고기+된장국+콩나물무침",600,7000
2024-10-09,Dinner,"계란말이+시금치나물+쌀밥",500,5000
2024-10-10,Breakfast,"현미밥+미역국+김치",400,3000
2024-10-10,Lunch,"불고기+된장국+콩나물무침",600,7000
2024-10-10,Dinner,"계란말이+시금치나물+쌀밥",500,5000
2024-10-11,Breakfast,"현미밥+미역국+김치",400,3000
2024-10-11,Lunch,"불고기+된장국+콩나물무침",600,7000
2024-10-11,Dinner,"계란말이+시금치나물+쌀밥",500,5000
2024-10-12,Breakfast,"현미밥+미역국+김치",400,3000
2024-10-12,Lunch,"불고기+된장국+콩나물무침",600,7000
2024-10-12,Dinner,"계란말이+시금치나물+쌀밥",500,5000
2024-10-13,Breakfast,"현미밥+미역국+김치",400,3000
2024-10-13,Lunch,"불고기+된장국+콩나물무침",600,7000
2024-10-13,Dinner,"계란말이+시금치나물+쌀밥",500,5000
2024-10-14,Breakfast,"현미밥+미역국+김치",400,3000
2024-10-14,Lunch,"불고기+된장국+콩나물무침",600,7000
2024-10-14,Dinner,"계란말이+시금치나물+쌀밥",500,5000
2024-10-15,Breakfast,"현미밥+미역국+김치",400,3000
2024-10-15,Lunch,"불고기+된장국+콩나물무침",600,7000
2024-10-15,Dinner,"계란말이+시금치나물+쌀밥",500,5000
2024-10-16,Breakfast,"현미밥+미역국+김치",400,3000
2024-10-16,Lunch,"불고기+된장국+콩나물무침",600,7000
2024-10-16,Dinner,"계란말이+시금치나물+쌀밥",500,5000
2024-10-17,Breakfast,"현미밥+미역국+김치",400,3000
2024-10-17,Lunch,"불고기+된장국+콩나물무침",600,7000
2024-10-17,Dinner,"계란말이+시금치나물+쌀밥",500,5000
2024-10-18,Breakfast,"현미밥+미역국+김치",400,3000
2024-10-18,Lunch,"불고기+된장국+콩나물무침",600,7000
2024-10-18,Dinner,"계란말이+시금치나물+쌀밥",500,5000
2024-10-19,Breakfast,"현미밥+미역국+김치",400,3000
2024-10-19,Lunch,"불고기+된장국+콩나물무침",600,7000
2024-10-19,Dinner,"계란말이+시금치나물+쌀밥",500,5000
2024-10-20,Breakfast,"현미밥+미역국+김치",400,3000
2024-10-20,Lunch,"불고기+된장국+콩나물무침",600,7000
2024-10-20,Dinner,"계란말이+시금치나물+쌀밥",500,5000
2024-10-21,Breakfast,"현미밥+미역국+김치",400,3000
2024-10-21,Lunch,"불고기+된장국+콩나물무침",600,7000
2024-10-21,Dinner,"계란말이+시금치나물+쌀밥",500,5000
2024-10-22,Breakfast,"현미밥+미역국+김치",400,3000
2024-10-22,Lunch,"불고기+된장국+콩나물무침",600,7000
2024-10-22,Dinner,"계란말이+시금치나물+쌀밥",500,5000
2024-10-23,Breakfast,"현미밥+미역국+김치",400,3000
2024-10-23,Lunch,"불고기+된장국+콩나물무침",600,7000
2024-10-23,Dinner,"계란말이+시금치나물+쌀밥",500,5000
2024-10-24,Breakfast,"현미밥+미역국+김치",400,3000
2024-10-24,Lunch,"불고기+된장국+콩나물무침",600,7000
2024-10-24,Dinner,"계란말이+시금치나물+쌀밥",500,5000
2024-10-25,Breakfast,"현미밥+미역국+김치",400,3000
2024-10-25,Lunch,"불고기+된장국+콩나물무침",600,7000
2024-10-25,Dinner,"계란말이+시금치나물+쌀밥",500,5000
2024-10-26,Breakfast,"현미밥+미역국+김치",400,3000
2024-10-26,Lunch,"불고기+된장국+콩나물무침",600,7000
2024-10-26,Dinner,"계란말이+시금치나물+쌀밥",500,5000
2024-10-27,Breakfast,"현미밥+미역국+김치",400,3000
2024-10-27,Lunch,"불고기+된장국+콩나물무침",600,7000
2024-10-27,Dinner,"계란말이+시금치나물+쌀밥",500,5000
2024-10-28,Breakfast,"현미밥+미역국+김치",400,3000
2024-10-28,Lunch,"불고기+된장국+콩나물무침",600,7000
2024-10-28,Dinner,"계란말이+시금치나물+쌀밥",500,5000
2024-10-29,Breakfast,"현미밥+미역국+김치",400,3000
2024-10-29,Lunch,"불고기+된장국+콩나물무침",600,7000
2024-10-29,Dinner,"계란말이+시금치나물+쌀밥",500,5000
2024-10-30,Breakfast,"현미밥+미역국+김치",400,3000
2024-10-30,Lunch,"불고기+된장국+콩나물무침",600,7000
2024-10-30,Dinner,"계란말이+시금치나물+쌀밥",500,5000
2024-10-31,Breakfast,"현미밥+미역국+김치",400,3000
2024-10-31,Lunch,"불고기+된장국+콩나물무침",600,7000
2024-10-31,Dinner,"계란말이+시금치나물+쌀밥",500,5000
2024-11-01,Breakfast,"현미밥+미역국+김치",400,3000
2024-11-01,Lunch,"불고기+된장국+콩나물무침",600,7000
2024-11-01,Dinner,"계란말이+시금치나물+쌀밥",500,5000
2024-11-02,Breakfast,"현미밥+미역국+김치",400,3000
2024-11-02,Lunch,"불고기+된장국+콩나물무침",600,7000
2024-11-02,Dinner,"계란말이+시금치나물+쌀밥",500,5000
2024-11-03,Breakfast,"현미밥+미역국+김치",400,3000
2024-11-03,Lunch,"불고기+된장국+콩나물무침",600,7000
2024-11-03,Dinner,"계란말이+시금치나물+쌀밥",500,5000
2024-11-04,Breakfast,"현미밥+미역국+김치",400,3000
2024-11-04,Lunch,"불고기+된장국+콩나물무침",600,7000
2024-11-04,Dinner,"계란말이+시금치나물+쌀밥",500,5000
2024-11-05,Breakfast,"현미밥+미역국+김치",400,3000
2024-11-05,Lunch,"불고기+된장국+콩나물무침",600,7000
2024-11-05,Dinner,"계란말이+시금치나물+쌀밥",500,5000
2024-11-06,Breakfast,"현미밥+미역국+김치",400,3000
2024-11-06,Lunch,"불고기+된장국+콩나물무침",600,7000
2024-11-06,Dinner,"계란말이+시금치나물+쌀밥",500,5000
2024-11-07,Breakfast,"현미밥+미역국+김치",400,3000
2024-11-07,Lunch,"불고기+된장국+콩나물무침",600,7000
2024-11-07,Dinner,"계란말이+시금치나물+쌀밥",500,5000
2024-11-08,Breakfast,"현미밥+미역국+김치",400,3000
2024-11-08,Lunch,"불고기+된장국+콩나물무침",600,7000
2024-11-08,Dinner,"계란말이+시금치나물+쌀밥",500,5000
2024-11-09,Breakfast,"현미밥+미역국+김치",400,3000
2024-11-09,Lunch,"불고기+된장국+콩나물무침",600,7000
2024-11-09,Dinner,"계란말이+시금치나물+쌀밥",500,5000
2024-11-10,Breakfast,"현미밥+미역국+김치",400,3000
2024-11-10,Lunch,"불고기+된장국+콩나물무침",600,7000
2024-11-10,Dinner,"계란말이+시금치나물+쌀밥",500,5000
2024-11-11,Breakfast,"현미밥+미역국+김치",400,3000
2024-11-11,Lunch,"불고기+된장국+콩나물무침",600,7000
2024-11-11,Dinner,"계란말이+시금치나물+쌀밥",500,5000
2024-11-12,Breakfast,"현미밥+미역국+김치",400,3000
2024-11-12,Lunch,"불고기+된장국+콩나물무침",600,7000
2024-11-12,Dinner,"계란말이+시금치나물+쌀밥",500,5000
2024-11-13,Breakfast,"현미밥+미역국+김치",400,3000
2024-11-13,Lunch,"불고기+된장국+콩나물무침",600,7000
2024-11-13,Dinner,"계란말이+시금치나물+쌀밥",500,5000
2024-11-14,Breakfast,"현미밥+미역국+김치",400,3000
2024-11-14,Lunch,"불고기+된장국+콩나물무침",600,7000
2024-11-14,Dinner,"계란말이+시금치나물+쌀밥",500,5000
2024-11-15,Breakfast,"현미밥+미역국+김치",400,3000
2024-11-15,Lunch,"불고기+된장국+콩나물무침",600,7000
2024-11-15,Dinner,"계란말이+시금치나물+쌀밥",500,5000
2024-11-16,Breakfast,"현미밥+미역국+김치",400,3000
2024-11-16,Lunch,"불고기+된장국+콩나물무침",600,7000
2024-11-16,Dinner,"계란말이+시금치나물+쌀밥",500,5000
2024-11-17,Breakfast,"현미밥+미역국+김치",400,3000
2024-11-17,Lunch,"불고기+된장국+콩나물무침",600,7000
2024-11-17,Dinner,"계란말이+시금치나물+쌀밥",500,5000
2024-11-18,Breakfast,"현미밥+미역국+김치",400,3000
2024-11-18,Lunch,"불고기+된장국+콩나물무침",600,7000
2024-11-18,Dinner,"계란말이+시금치나물+쌀밥",500,5000
2024-11-19,Breakfast,"현미밥+미역국+김치",400,3000
2024-11-19,Lunch,"불고기+된장국+콩나물무침",600,7000
2024-11-19,Dinner,"계란말이+시금치나물+쌀밥",500,5000
2024-11-20,Breakfast,"현미밥+미역국+김치",400,3000
2024-11-20,Lunch,"불고기+된장국+콩나물무침",600,7000
2024-11-20,Dinner,"계란말이+시금치나물+쌀밥",500,5000
2024-11-21,Breakfast,"현미밥+미역국+김치",400,3000
2024-11-21,Lunch,"불고기+된장국+콩나물무침",600,7000
2024-11-21,Dinner,"계란말이+시금치나물+쌀밥",500,5000
2024-11-22,Breakfast,"현미밥+미역국+김치",400,3000
2024-11-22,Lunch,"불고기+된장국+콩나물무침",600,7000
2024-11-22,Dinner,"계란말이+시금치나물+쌀밥",500,5000
2024-11-23,Breakfast,"현미밥+미역국+김치",400,3000
2024-11-23,Lunch,"불고기+된장국+콩나물무침",600,7000
2024-11-23,Dinner,"계란말이+시금치나물+쌀밥",500,5000
2024-11-24,Breakfast,"현미밥+미역국+김치",400,3000
2024-11-24,Lunch,"불고기+된장국+콩나물무침",600,7000
2024-11-24,Dinner,"계란말이+시금치나물+쌀밥",500,5000
2024-11-25,Breakfast,"현미밥+미역국+김치",400,3000
2024-11-25,Lunch,"불고기+된장국+콩나물무침",600,7000
2024-11-25,Dinner,"계란말이+시금치나물+쌀밥",500,5000
2024-11-26,Breakfast,"현미밥+미역국+김치",400,3000
2024-11-26,Lunch,"불고기+된장국+콩나물무침",600,7000
2024-11-26,Dinner,"계란말이+시금치나물+쌀밥",500,5000
2024-11-27,Breakfast,"현미밥+미역국+김치",400,3000
2024-11-27,Lunch,"불고기+된장국+콩나물무침",600,7000
2024-11-27,Dinner,"계란말이+시금치나물+쌀밥",500,5000
2024-11-28,Breakfast,"현미밥+미역국+김치",400,3000
2024-11-28,Lunch,"불고기+된장국+콩나물무침",600,7000
2024-11-28,Dinner,"계란말이+시금치나물+쌀밥",500,5000
2024-11-29,Breakfast,"현미밥+미역국+김치",400,3000
2024-11-29,Lunch,"불고기+된장국+콩나물무침",600,7000
2024-11-29,Dinner,"계란말이+시금치나물+쌀밥",500,5000
2024-11-30,Breakfast,"현미밥+미역국+김치",400,3000
2024-11-30,Lunch,"불고기+된장국+콩나물무침",600,7000
2024-11-30,Dinner,"계란말이+시금치나물+쌀밥",500,5000
2024-12-01,Breakfast,"현미밥+미역국+김치",400,3000
2024-12-01,Lunch,"불고기+된장국+콩나물무침",600,7000
2024-12-01,Dinner,"계란말이+시금치나물+쌀밥",500,5000
2024-12-02,Breakfast,"현미밥+미역국+김치",400,3000
2024-12-02,Lunch,"불고기+된장국+콩나물무침",600,7000
2024-12-02,Dinner,"계란말이+시금치나물+쌀밥",500,5000
2024-12-03,Breakfast,"현미밥+미역국+김치",400,3000
2024-12-03,Lunch,"불고기+된장국+콩나물무침",600,7000
2024-12-03,Dinner,"계란말이+시금치나물+쌀밥",500,5000
2024-12-04,Breakfast,"현미밥+미역국+김치",400,3000
2024-12-04,Lunch,"불고기+된장국+콩나물무침",600,7000
2024-12-04,Dinner,"계란말이+시금치나물+쌀밥",500,5000
2024-12-05,Breakfast,"현미밥+미역국+김치",400,3000
2024-12-05,Lunch,"불고기+된장국+콩나물무침",600,7000
2024-12-05,Dinner,"계란말이+시금치나물+쌀밥",500,5000
2024-12-06,Breakfast,"현미밥+미역국+김치",400,3000
2024-12-06,Lunch,"불고기+된장국+콩나물무침",600,7000
2024-12-06,Dinner,"계란말이+시금치나물+쌀밥",500,5000
2024-12-07,Breakfast,"현미밥+미역국+김치",400,3000
2024-12-07,Lunch,"불고기+된장국+콩나물무침",600,7000
2024-12-07,Dinner,"계란말이+시금치나물+쌀밥",500,5000
2024-12-08,Breakfast,"현미밥+미역국+김치",400,3000
2024-12-08,Lunch,"불고기+된장국+콩나물무침",600,7000
2024-12-08,Dinner,"계란말이+시금치나물+쌀밥",500,5000
2024-12-09,Breakfast,"현미밥+미역국+김치",400,3000
2024-12-09,Lunch,"불고기+된장국+콩나물무침",600,7000
2024-12-09,Dinner,"계란말이+시금치나물+쌀밥",500,5000
2024-12-10,Breakfast,"현미밥+미역국+김치",400,3000
2024-12-10,Lunch,"불고기+된장국+콩나물무침",600,7000
2024-12-10,Dinner,"계란말이+시금치나물+쌀밥",500,5000
2024-12-11,Breakfast,"현미밥+미역국+김치",400,3000
2024-12-11,Lunch,"불고기+된장국+콩나물무침",600,7000
2024-12-11,Dinner,"계란말이+시금치나물+쌀밥",500,5000
2024-12-12,Breakfast,"현미밥+미역국+김치",400,3000
2024-12-12,Lunch,"불고기+된장국+콩나물무침",600,7000
2024-12-12,Dinner,"계란말이+시금치나물+쌀밥",500,5000
2024-12-13,Breakfast,"현미밥+미역국+김치",400,3000
2024-12-13,Lunch,"불고기+된장국+콩나물무침",600,7000
2024-12-13,Dinner,"계란말이+시금치나물+쌀밥",500,5000
2024-12-14,Breakfast,"현미밥+미역국+김치",400,3000
2024-12-14,Lunch,"불고기+된장국+콩나물무침",600,7000
2024-12-14,Dinner,"계란말이+시금치나물+쌀밥",500,5000
2024-12-15,Breakfast,"현미밥+미역국+김치",400,3000
2024-12-15,Lunch,"불고기+된장국+콩나물무침",600,7000
2024-12-15,Dinner,"계란말이+시금치나물+쌀밥",500,5000
2024-12-16,Breakfast,"현미밥+미역국+김치",400,3000
2024-12-16,Lunch,"불고기+된장국+콩나물무침",600,7000
2024-12-16,Dinner,"계란말이+시금치나물+쌀밥",500,5000
2024-12-17,Breakfast,"현미밥+미역국+김치",400,3000
2024-12-17,Lunch,"불고기+된장국+콩나물무침",600,7000
2024-12-17,Dinner,"계란말이+시금치나물+쌀밥",500,5000
2024-12-18,Breakfast,"현미밥+미역국+김치",400,3000
2024-12-18,Lunch,"불고기+된장국+콩나물무침",600,7000
2024-12-18,Dinner,"계란말이+시금치나물+쌀밥",500,5000
2024-12-19,Breakfast,"현미밥+미역국+김치",400,3000
2024-12-19,Lunch,"불고기+된장국+콩나물무침",600,7000
2024-12-19,Dinner,"계란말이+시금치나물+쌀밥",500,5000
2024-12-20,Breakfast,"현미밥+미역국+김치",400,3000
2024-12-20,Lunch,"불고기+된장국+콩나물무침",600,7000
2024-12-20,Dinner,"계란말이+시금치나물+쌀밥",500,5000
2024-12-21,Breakfast,"현미밥+미역국+김치",400,3000
2024-12-21,Lunch,"불고기+된장국+콩나물무침",600,7000
2024-12-21,Dinner,"계란말이+시금치나물+쌀밥",500,5000
2024-12-22,Breakfast,"현미밥+미역국+김치",400,3000
2024-12-22,Lunch,"불고기+된장국+콩나물무침",600,7000
2024-12-22,Dinner,"계란말이+시금치나물+쌀밥",500,5000
2024-12-23,Breakfast,"현미밥+미역국+김치",400,3000
2024-12-23,Lunch,"불고기+된장국+콩나물무침",600,7000
2024-12-23,Dinner,"계란말이+시금치나물+쌀밥",500,5000
2024-12-24,Breakfast,"현미밥+미역국+김치",400,3000
2024-12-24,Lunch,"불고기+된장국+콩나물무침",600,7000
2024-12-24,Dinner,"계란말이+시금치나물+쌀밥",500,5000
2024-12-25,Breakfast,"현미밥+미역국+김치",400,3000
2024-12-25,Lunch,"불고기+된장국+콩나물무침",600,7000
2024-12-25,Dinner,"계란말이+시금치나물+쌀밥",500,5000
2024-12-26,Breakfast,"현미밥+미역국+김치",400,3000
2024-12-26,Lunch,"불고기+된장국+콩나물무침",600,7000
2024-12-26,Dinner,"계란말이+시금치나물+쌀밥",500,5000
2024-12-27,Breakfast,"현미밥+미역국+김치",400,3000
2024-12-27,Lunch,"불고기+된장국+콩나물무침",600,7000
2024-12-27,Dinner,"계란말이+시금치나물+쌀밥",500,5000
2024-12-28,Breakfast,"현미밥+미역국+김치",400,3000
2024-12-28,Lunch,"불고기+된장국+콩나물무침",600,7000
2024-12-28,Dinner,"계란말이+시금치나물+쌀밥",500,5000
2024-12-29,Breakfast,"현미밥+미역국+김치",400,3000
2024-12-29,Lunch,"불고기+된장국+콩나물무침",600,7000
2024-12-29,Dinner,"계란말이+시금치나물+쌀밥",500,5000
2024-12-30,Breakfast,"현미밥+미역국+김치",400,3000
2024-12-30,Lunch,"불고기+된장국+콩나물무침",600,7000
2024-12-30,Dinner,"계란말이+시금치나물+쌀밥",500,5000

